{
  "project_info": {
    "project_number": "625257222431",
    "firebase_url": "https://fir-appfornotification.firebaseio.com",
    "project_id": "fir-appfornotification",
    "storage_bucket": "fir-appfornotification.appspot.com"
  },
  "client": [
    {
      "client_info": {
        "mobilesdk_app_id": "1:625257222431:android:be9a237167b6b7db",
        "android_client_info": {
          "package_name": "com.example.nz160.firebaseappfornotification"
        }
      },
      "oauth_client": [
        {
          "client_id": "625257222431-ii61ssm9rt4ap3f9it505m3q06o8j26f.apps.googleusercontent.com",
          "client_type": 3
        }
      ],
      "api_key": [
        {
          "current_key": "AIzaSyB1QIl--HcddQElzHHzEWv4s2cSViRM_lk"
        }
      ],
      "services": {
        "analytics_service": {
          "status": 1
        },
        "appinvite_service": {
          "status": 1,
          "other_platform_oauth_client": []
        },
        "ads_service": {
          "status": 2
        }
      }
    }
  ],
  "configuration_version": "1"
}